<?xml version='1.0' encoding='UTF-8' standalone='yes' ?>
<hierarchy rotation="0">
  <node index="0" text="" resource-id="" class="android.widget.FrameLayout" package="com.wf.wellsfargomobile" content-desc="" checkable="false" checked="false" clickable="false" enabled="true" focusable="false" focused="false" scrollable="false" long-clickable="false" password="false" selected="false" bounds="[0,0][1080,1920]">
    <node index="0" text="" resource-id="" class="android.view.View" package="com.wf.wellsfargomobile" content-desc="" checkable="false" checked="false" clickable="false" enabled="true" focusable="true" focused="false" scrollable="false" long-clickable="false" password="false" selected="false" bounds="[0,60][1080,1920]">
      <node index="0" text="" resource-id="android:id/action_bar" class="android.view.View" package="com.wf.wellsfargomobile" content-desc="" checkable="false" checked="false" clickable="false" enabled="true" focusable="false" focused="false" scrollable="false" long-clickable="false" password="false" selected="false" bounds="[0,60][1080,204]">
        <node index="0" text="" resource-id="com.wf.wellsfargomobile:id/hamburger_icon" class="android.widget.ImageView" package="com.wf.wellsfargomobile" content-desc="Hamburger" checkable="false" checked="false" clickable="true" enabled="true" focusable="false" focused="false" scrollable="false" long-clickable="false" password="false" selected="false" bounds="[60,78][168,186]" />
        <node index="1" text="" resource-id="com.wf.wellsfargomobile:id/divider" class="android.widget.ImageView" package="com.wf.wellsfargomobile" content-desc="Divider" checkable="false" checked="false" clickable="false" enabled="true" focusable="false" focused="false" scrollable="false" long-clickable="false" password="false" selected="false" bounds="[228,60][234,204]" />
        <node index="2" text="" resource-id="com.wf.wellsfargomobile:id/masthead_logo" class="android.widget.ImageView" package="com.wf.wellsfargomobile" content-desc="Wells Fargo Logo" checkable="false" checked="false" clickable="false" enabled="true" focusable="false" focused="false" scrollable="false" long-clickable="false" password="false" selected="false" bounds="[300,91][717,172]" />
        <node index="3" text="" resource-id="" class="android.widget.ImageButton" package="com.wf.wellsfargomobile" content-desc="More options" checkable="false" checked="false" clickable="true" enabled="true" focusable="true" focused="false" scrollable="false" long-clickable="false" password="false" selected="false" bounds="[912,60][1080,204]" /></node>
      <node index="1" text="" resource-id="" class="android.widget.ScrollView" package="com.wf.wellsfargomobile" content-desc="" checkable="false" checked="false" clickable="false" enabled="true" focusable="true" focused="false" scrollable="true" long-clickable="false" password="false" selected="false" bounds="[0,204][1080,1920]">
        <node index="0" text="" resource-id="com.wf.wellsfargomobile:id/wfMain" class="android.widget.RelativeLayout" package="com.wf.wellsfargomobile" content-desc="" checkable="false" checked="false" clickable="false" enabled="true" focusable="false" focused="false" scrollable="false" long-clickable="false" password="false" selected="false" bounds="[0,204][1080,1920]">
          <node index="0" text="Online Security Guarantee" resource-id="com.wf.wellsfargomobile:id/securityGuarantee" class="android.widget.TextView" package="com.wf.wellsfargomobile" content-desc="Online Security Guarantee" checkable="false" checked="false" clickable="true" enabled="true" focusable="true" focused="false" scrollable="false" long-clickable="false" password="false" selected="false" bounds="[75,279][520,338]" />
          <node index="1" text="Online Username" resource-id="com.wf.wellsfargomobile:id/username" class="android.widget.EditText" package="com.wf.wellsfargomobile" content-desc="" checkable="false" checked="false" clickable="true" enabled="true" focusable="true" focused="true" scrollable="false" long-clickable="true" password="false" selected="false" bounds="[60,360][1020,451]" />
          <node index="2" text="Username" resource-id="com.wf.wellsfargomobile:id/usernameLabel" class="android.widget.TextView" package="com.wf.wellsfargomobile" content-desc="Online Username" checkable="false" checked="false" clickable="false" enabled="true" focusable="true" focused="false" scrollable="false" long-clickable="false" password="false" selected="false" bounds="[105,364][285,447]" />
          <node NAF="true" index="3" text="" resource-id="com.wf.wellsfargomobile:id/password" class="android.widget.EditText" package="com.wf.wellsfargomobile" content-desc="" checkable="false" checked="false" clickable="true" enabled="true" focusable="true" focused="false" scrollable="false" long-clickable="true" password="true" selected="false" bounds="[60,466][1020,557]" />
          <node index="4" text="Password" resource-id="" class="android.widget.TextView" package="com.wf.wellsfargomobile" content-desc="Online Password" checkable="false" checked="false" clickable="false" enabled="true" focusable="true" focused="false" scrollable="false" long-clickable="false" password="false" selected="false" bounds="[105,470][278,553]" />
          <node index="5" text="Off" resource-id="com.wf.wellsfargomobile:id/saveUserNameSwitch" class="android.widget.ToggleButton" package="com.wf.wellsfargomobile" content-desc="Save Username" checkable="true" checked="false" clickable="true" enabled="true" focusable="true" focused="false" scrollable="false" long-clickable="false" password="false" selected="false" bounds="[60,586][252,730]" />
          <node index="6" text="Save Username" resource-id="com.wf.wellsfargomobile:id/saveUserNameLabel" class="android.widget.TextView" package="com.wf.wellsfargomobile" content-desc="" checkable="false" checked="false" clickable="false" enabled="true" focusable="true" focused="false" scrollable="false" long-clickable="false" password="false" selected="false" bounds="[282,625][515,669]" />
          <node index="7" text="Sign On" resource-id="com.wf.wellsfargomobile:id/signOn" class="android.widget.Button" package="com.wf.wellsfargomobile" content-desc="Sign On" checkable="false" checked="false" clickable="true" enabled="true" focusable="true" focused="false" scrollable="false" long-clickable="false" password="false" selected="false" bounds="[712,596][1020,699]" />
          <node index="8" text="" resource-id="com.wf.wellsfargomobile:id/frontPorchWebView" class="android.webkit.WebView" package="com.wf.wellsfargomobile" content-desc="Web View" checkable="false" checked="false" clickable="true" enabled="true" focusable="true" focused="false" scrollable="false" long-clickable="false" password="false" selected="false" bounds="[30,805][1050,1570]" />
          <node index="9" text="" resource-id="com.wf.wellsfargomobile:id/stagecoach" class="android.widget.ImageView" package="com.wf.wellsfargomobile" content-desc="Horses" checkable="false" checked="false" clickable="false" enabled="true" focusable="false" focused="false" scrollable="false" long-clickable="false" password="false" selected="false" bounds="[474,1639][1080,1824]" />
          <node index="10" text="Privacy Policy" resource-id="com.wf.wellsfargomobile:id/privacyPolicy" class="android.widget.TextView" package="com.wf.wellsfargomobile" content-desc="Privacy Policy" checkable="false" checked="false" clickable="true" enabled="true" focusable="false" focused="false" scrollable="false" long-clickable="false" password="false" selected="false" bounds="[326,1893][628,1920]" />
          <node index="11" text="" resource-id="com.wf.wellsfargomobile:id/info" class="android.widget.ImageButton" package="com.wf.wellsfargomobile" content-desc="Info" checkable="false" checked="false" clickable="true" enabled="true" focusable="true" focused="false" scrollable="false" long-clickable="false" password="false" selected="false" bounds="[700,1897][754,1920]" /></node>
      </node>
    </node>
  </node>
</hierarchy>
